City_ID,City,Country,Lat,Lng,Max Temp,Humidity,Cloudiness,Wind Speed,Weather Description
0,Joigny,FR,47.9829,3.401,29.8,87,99,3.65,overcast clouds
1,Ushuaia,AR,-54.8,-68.3,46.06,61,40,24.16,scattered clouds
2,Castro,BR,-24.7911,-50.0119,65.26,96,69,11.05,broken clouds
3,Qaanaaq,GL,77.484,-69.3632,1.89,93,100,5.39,overcast clouds
4,Wamba,NG,8.9333,8.6,73.78,29,19,4.03,few clouds
5,Raudeberg,NO,61.9875,5.1352,26.87,73,100,8.25,light snow
6,Henties Bay,NA,-22.116,14.2845,61.65,93,99,1.97,overcast clouds
7,Yenagoa,NG,4.9247,6.2642,77.34,84,13,4.05,few clouds
8,Victoria,HK,22.2855,114.1577,55.26,92,100,15.01,overcast clouds
9,Bredasdorp,ZA,-34.5322,20.0403,67.66,86,42,1.34,scattered clouds
10,Salvador,SV,13.8333,-88.9167,80.64,55,96,5.01,overcast clouds
11,Ribeira Grande,PT,38.5167,-28.7,59.4,77,40,23.02,light rain
12,Baijiantan,CN,45.6333,85.1833,12.29,82,100,3.13,overcast clouds
13,Brigantine,US,39.4101,-74.3646,41.0,54,0,9.22,clear sky
14,Floro,NO,61.5996,5.0328,27.97,59,75,10.36,light snow
15,Kalmunai,LK,7.4167,81.8167,75.78,87,51,3.65,broken clouds
16,Dikson,RU,73.5069,80.5464,9.21,93,100,23.69,light snow
17,Cidreira,BR,-30.1811,-50.2056,69.82,57,0,12.1,clear sky
18,Torbay,CA,47.6666,-52.7314,41.29,90,100,28.77,light rain
19,Arraial Do Cabo,BR,-22.9661,-42.0278,75.16,88,75,16.11,broken clouds
20,Hobyo,SO,5.3505,48.5268,77.65,70,0,16.08,clear sky
21,Sinnamary,GF,5.3833,-52.95,77.43,87,100,8.86,overcast clouds
22,Vila Velha,BR,-20.3297,-40.2925,78.75,87,100,23.0,light rain
23,Lagoa,PT,39.05,-27.9833,58.42,74,81,32.1,light rain
24,Punta Arenas,CL,-53.15,-70.9167,53.71,35,20,40.29,few clouds
25,Clyde River,CA,70.4692,-68.5914,3.43,85,100,10.36,overcast clouds
26,Marrakesh,MA,31.6315,-8.0083,69.87,64,20,8.05,few clouds
27,Port Alfred,ZA,-33.5906,26.891,66.18,97,78,5.99,broken clouds
28,Porto Novo,BJ,6.4965,2.6036,82.22,80,43,7.14,scattered clouds
29,Codrington,AU,-38.2667,141.9667,51.71,74,100,18.01,overcast clouds
30,Kavaratti,IN,10.5669,72.642,80.89,76,92,14.63,overcast clouds
31,Cape Town,ZA,-33.9258,18.4232,70.09,81,20,6.91,few clouds
32,Touros,BR,-5.1989,-35.4608,79.09,75,13,12.97,few clouds
33,Luanda,AO,-8.8368,13.2343,78.8,78,40,4.61,scattered clouds
34,Jamestown,US,42.097,-79.2353,33.44,35,0,0.0,clear sky
35,Saint-Philippe,RE,-21.3585,55.7679,72.99,83,29,10.78,light rain
36,Berlevag,NO,70.8578,29.0864,28.2,93,100,2.3,light snow
37,Abu Dhabi,AE,24.4667,54.3667,71.71,63,0,2.3,clear sky
38,Quelimane,MZ,-17.8786,36.8883,78.75,88,75,5.01,light rain
39,Skibbereen,IE,51.55,-9.2667,40.1,83,100,23.58,overcast clouds
40,Utica,US,43.1009,-75.2327,26.73,82,21,5.86,few clouds
41,Hithadhoo,MV,-0.6,73.0833,80.08,76,100,9.55,overcast clouds
42,Busselton,AU,-33.65,115.3333,57.99,73,0,13.98,clear sky
43,Alta Floresta,BR,-9.8756,-56.0861,74.79,88,93,8.5,overcast clouds
44,Cayenne,GF,4.9333,-52.3333,80.64,83,0,6.91,clear sky
45,Chuy,UY,-33.6971,-53.4616,64.56,54,0,8.32,clear sky
46,Cabedelo,BR,-6.9811,-34.8339,81.27,75,15,13.09,few clouds
47,Paita,PE,-5.0892,-81.1144,70.25,78,100,9.84,overcast clouds
48,Storsteinnes,NO,69.2408,19.2344,19.38,78,100,3.67,overcast clouds
49,Otavi,NA,-19.65,17.3333,73.4,57,75,7.74,broken clouds
50,Bonavista,CA,48.6499,-53.1147,38.14,86,100,31.74,overcast clouds
51,Takoradi,GH,4.8845,-1.7554,79.63,84,21,7.36,few clouds
52,Dingle,PH,10.9995,122.6711,75.13,93,100,6.8,overcast clouds
53,Benghazi,LY,32.1167,20.0667,66.31,75,56,12.1,broken clouds
54,Olinda,BR,-8.0089,-34.8553,82.13,69,40,9.22,scattered clouds
55,Bougouni,ML,11.417,-7.479,74.82,16,62,5.75,broken clouds
56,Georgetown,MY,5.4112,100.3354,77.95,93,20,2.3,few clouds
57,Porosozero,RU,62.7191,32.727,20.1,92,100,12.44,overcast clouds
58,Contamana,PE,-7.3333,-75.0167,87.3,53,99,1.79,light rain
59,Adrar,MR,20.5022,-10.0711,76.8,31,0,9.42,clear sky
60,Mahibadhoo,MV,3.7833,72.9667,80.83,77,99,7.61,overcast clouds
61,Sao Joao Da Barra,BR,-21.6403,-41.0511,75.29,91,100,21.39,heavy intensity rain
62,Sao Filipe,CV,14.8961,-24.4956,79.7,53,0,6.82,clear sky
63,Kondinskoye,RU,59.6481,67.41,-4.2,91,100,8.39,overcast clouds
64,Tasiilaq,GL,65.6145,-37.6368,21.36,62,2,6.91,clear sky
65,Namibe,AO,-15.1961,12.1522,68.59,74,65,4.52,broken clouds
66,East London,ZA,-33.0153,27.9116,72.75,90,79,1.45,broken clouds
67,Maldonado,UY,-34.6667,-54.9167,70.99,43,0,6.38,clear sky
68,Saint Anthony,US,45.0205,-93.218,35.53,84,100,21.85,light rain
69,Saint-Augustin,CA,51.226,-58.6502,36.0,81,100,29.84,overcast clouds
70,Kondagaon,IN,19.6,81.6667,64.24,66,0,1.63,clear sky
71,Lebu,CL,-37.6167,-73.65,62.2,81,0,16.31,clear sky
72,Port Blair,IN,11.6667,92.75,78.87,75,93,10.25,overcast clouds
73,Yining,CN,29.0361,114.5636,36.95,65,0,2.59,clear sky
74,Qarqin,AF,37.4185,66.0436,46.53,54,96,15.01,overcast clouds
75,Bubaque,GW,11.2833,-15.8333,80.98,72,2,11.36,clear sky
76,Saint George,US,37.1041,-113.5841,45.43,51,0,5.99,clear sky
77,Sao Miguel Do Araguaia,BR,-13.275,-50.1628,80.73,66,100,4.21,overcast clouds
78,Jijiga,ET,9.35,42.8,60.4,64,0,2.98,clear sky
79,Margate,GB,51.3813,1.3862,36.7,72,100,3.0,overcast clouds
80,Pudozh,RU,61.8099,36.5345,22.14,90,100,7.9,overcast clouds
81,Holme,DK,56.1138,10.1725,33.37,93,100,15.3,overcast clouds
82,Mocuba,MZ,-16.8392,36.9856,73.04,93,99,1.59,overcast clouds
83,Caravelas,BR,-17.7125,-39.2481,77.07,85,88,13.09,overcast clouds
84,La Palma,US,33.8464,-118.0467,62.92,53,20,8.05,few clouds
85,Araouane,ML,18.9048,-3.5265,74.44,11,0,8.41,clear sky
86,Ust-Koksa,RU,50.2696,85.6108,3.36,97,100,1.74,overcast clouds
87,Mehamn,NO,71.0357,27.8492,26.51,86,100,1.14,light snow
88,Bereda,ES,43.2686,-7.5406,55.42,100,100,7.74,overcast clouds
89,Menongue,AO,-14.6585,17.691,63.97,96,100,2.19,light rain
90,Ponta Do Sol,PT,32.6667,-17.1,73.0,93,98,9.86,light rain
91,Gamba,GA,-2.65,10.0,76.93,86,91,0.96,light rain
92,Saldanha,ZA,-33.0117,17.9442,66.25,95,8,6.24,clear sky
93,Hermanus,ZA,-34.4187,19.2345,64.8,93,24,0.47,few clouds
94,Panaitolion,GR,38.5833,21.45,55.56,85,100,3.76,overcast clouds
95,Olafsvik,IS,64.8945,-23.7142,27.79,63,18,7.85,few clouds
96,Mar Del Plata,AR,-38.0023,-57.5575,80.62,29,0,23.02,clear sky
97,Ilulissat,GL,69.2167,-51.1,19.42,68,100,13.8,overcast clouds
98,Marsa Matruh,EG,31.3525,27.2453,61.0,77,0,3.44,clear sky
99,Bakchar,RU,57.0186,82.0711,-18.99,99,11,4.45,few clouds
100,Richards Bay,ZA,-28.783,32.0377,73.62,89,98,8.16,overcast clouds
101,Northam,GB,51.0333,-4.2167,33.39,79,100,15.7,light snow
102,Port Elizabeth,ZA,-33.918,25.5701,70.11,95,20,13.8,light rain
103,Sayyan,YE,15.1718,44.3244,48.51,65,0,3.98,clear sky
104,Marienburg,PL,54.0359,19.0266,27.9,92,54,8.21,broken clouds
105,Sarkand,KZ,45.41,79.9186,23.92,79,100,3.8,overcast clouds
106,Ponta Pora,BR,-22.5361,-55.7256,78.71,73,20,4.61,thunderstorm
107,Djibo,BF,14.1022,-1.6306,74.37,12,0,8.34,clear sky
108,Sebastian,US,35.1668,-94.2669,56.08,87,100,3.33,overcast clouds
109,Trofors,NO,65.5333,13.4063,-11.33,96,100,3.58,overcast clouds
110,Xai-Xai,MZ,-25.0519,33.6442,74.86,93,29,5.14,scattered clouds
111,Turukhansk,RU,65.8167,87.9833,-20.04,98,100,7.99,overcast clouds
112,Carora,VE,10.1755,-70.0827,80.24,64,97,6.62,overcast clouds
113,San Rafael,AR,-34.6177,-68.3301,93.43,8,0,16.06,clear sky
114,Manakara,MG,-22.1333,48.0167,73.27,84,100,3.13,light rain
115,Severnyy,RU,50.677,36.5532,32.04,93,100,20.13,light snow
116,Biskamzha,RU,53.4497,89.5272,-1.89,99,100,2.28,overcast clouds
117,Laguna,US,38.421,-121.4238,55.02,57,0,3.44,clear sky
118,Kochevo,RU,59.5994,54.3125,12.78,87,15,6.98,few clouds
119,Praia,CV,14.9215,-23.5087,77.54,61,0,12.66,clear sky
120,Leskolovo,RU,60.2634,30.4546,24.01,92,65,8.66,broken clouds
121,Klaksvik,FO,62.2266,-6.589,29.32,69,100,34.94,overcast clouds
122,Corrente,BR,-3.7367,-43.3394,83.03,54,72,5.68,broken clouds
123,Yelniki,RU,54.6207,43.876,20.48,74,1,17.98,clear sky
124,Saraland,US,30.8207,-88.0706,72.41,83,99,10.69,overcast clouds
125,Mahebourg,MU,-20.4081,57.7,77.29,73,40,12.66,scattered clouds
126,Kaltasy,RU,55.9693,54.8032,0.14,87,19,5.23,few clouds
127,Lieksa,FI,63.3167,30.0167,23.54,92,100,10.78,light snow
128,Los Andes,CL,-32.8337,-70.5983,88.02,21,0,8.59,clear sky
129,Kayes,ML,14.0,-11.0,79.34,9,18,7.49,few clouds
130,Marawi,PH,7.9986,124.2928,68.36,95,99,1.81,moderate rain
131,Pafos,CY,34.7667,32.4167,58.78,88,40,5.75,scattered clouds
132,Mazamari,PE,-11.3258,-74.5308,78.01,74,99,0.78,overcast clouds
133,Khandbari,NP,27.3747,87.2039,51.62,57,11,3.22,few clouds
134,Horta,PT,38.5333,-28.6333,58.64,79,40,23.02,light rain
135,Shahr-E Babak,IR,30.1165,55.1186,41.92,49,0,5.88,clear sky
136,Bandarbeyla,SO,9.4942,50.8122,76.32,63,0,15.79,clear sky
137,Moa,CU,20.6569,-74.9403,76.33,73,17,8.3,few clouds
138,Iqaluit,CA,63.7506,-68.5145,15.53,92,75,3.44,broken clouds
139,Malakal,SS,9.5334,31.6605,78.98,27,6,5.64,clear sky
140,Awassa,ET,7.05,38.4667,62.2,74,87,2.64,light rain
141,Coihaique,CL,-45.5752,-72.0662,57.81,58,75,10.36,broken clouds
142,Grand Gaube,MU,-20.0064,57.6608,77.4,72,2,8.99,clear sky
143,Havoysund,NO,70.9963,24.6622,28.63,80,100,11.14,overcast clouds
144,Husavik,IS,66.0449,-17.3389,12.83,78,79,11.27,broken clouds
145,Polignano A Mare,IT,40.9959,17.2159,57.33,86,100,8.97,overcast clouds
146,The Valley,AI,18.217,-63.0578,80.46,65,20,5.75,few clouds
147,Onega,RU,63.9061,38.1404,28.6,93,99,6.93,overcast clouds
148,Shostka,UA,51.863,33.4698,27.95,95,100,15.37,snow
149,Taoudenni,ML,22.6783,-3.9836,79.99,24,0,8.25,clear sky
150,Newport,GB,51.5877,-2.9984,33.64,81,100,13.98,overcast clouds
151,Sabya,SA,17.1495,42.6254,78.42,72,3,4.03,clear sky
152,Isa Khel,AF,36.6702,68.8443,43.09,63,97,1.63,overcast clouds
153,Souillac,MU,-20.5167,57.5167,77.38,73,40,12.66,scattered clouds
154,Karasjok,NO,69.4719,25.5112,14.63,95,100,10.31,light snow
155,Ambanja,MG,-13.6833,48.45,73.89,93,95,2.93,overcast clouds
156,Nagua,DO,19.3832,-69.8474,80.91,69,20,4.61,few clouds
157,Mayor Pablo Lagerenza,PY,-19.9309,-60.7718,78.71,85,95,2.73,moderate rain
158,Kruisfontein,ZA,-34.0033,24.7314,67.89,92,21,7.63,few clouds
159,Rudsar,IR,37.1376,50.288,49.98,73,94,3.47,overcast clouds
160,Bilma,NE,18.6853,12.9164,70.02,21,50,7.34,scattered clouds
161,Nanortalik,GL,60.1432,-45.2371,19.04,70,38,8.52,scattered clouds
162,Skjervoy,NO,70.0311,20.9714,10.4,61,100,14.54,overcast clouds
163,Uyemskiy,RU,64.4743,40.8524,23.05,93,100,8.95,overcast clouds
164,Oussouye,SN,12.485,-16.5469,77.09,65,0,5.06,clear sky
165,Orebro,SE,59.2741,15.2066,17.78,86,75,5.75,broken clouds
166,Sistranda,NO,63.7256,8.834,17.56,63,100,11.65,overcast clouds
167,Nyagan,RU,62.1406,65.3936,3.24,93,100,9.6,light snow
168,Santa Rosa,PH,14.3122,121.1114,80.58,85,51,7.92,broken clouds
169,Iralaya,HN,15.0,-83.2333,79.57,75,18,8.99,few clouds
170,Chimore,BO,-16.9833,-65.1333,82.08,67,97,0.96,overcast clouds
171,Carutapera,BR,-1.195,-46.02,79.11,76,10,7.92,clear sky
172,Maunabo,PR,18.0072,-65.8993,80.42,75,37,5.26,scattered clouds
173,Eyl,SO,7.9803,49.8164,74.68,68,1,14.56,clear sky
174,Salsomaggiore Terme,IT,44.8148,9.9796,34.12,93,100,1.48,overcast clouds
175,Kutum,SD,14.2,24.6667,61.57,15,100,8.01,overcast clouds
176,Aquiraz,BR,-3.9014,-38.3911,82.49,78,73,10.2,broken clouds
177,Pisco,PE,-13.7,-76.2167,75.25,73,0,11.5,clear sky
178,Villa Bruzual,VE,9.3328,-69.1208,83.39,56,100,3.36,overcast clouds
179,Pangoa,PE,-12.1167,-73.0,80.17,65,82,2.71,broken clouds
180,Safaga,EG,26.7292,33.9365,68.97,53,0,7.09,clear sky
181,Grand-Santi,GF,4.25,-54.3833,78.58,74,100,3.31,overcast clouds
182,Umm Lajj,SA,25.0213,37.2685,73.9,49,1,3.33,clear sky
183,Acandi,CO,8.5063,-77.2778,79.83,80,54,7.74,broken clouds
184,Malanje,AO,-9.5402,16.341,63.09,98,94,3.44,overcast clouds
185,Gaur,NP,26.7667,85.2667,58.5,70,6,0.89,clear sky
186,Budogoshch,RU,59.2816,32.4707,26.51,92,99,10.02,overcast clouds
187,Salalah,OM,17.0151,54.0924,70.23,38,0,7.54,clear sky
188,Polunochnoye,RU,60.8697,60.4153,-4.34,100,100,5.32,overcast clouds
189,Quatre Cocos,MU,-20.2078,57.7625,77.11,74,21,14.65,few clouds
190,Bambous Virieux,MU,-20.3428,57.7575,77.25,73,40,12.66,scattered clouds
191,Omboue,GA,-1.5746,9.2618,76.28,86,88,1.45,overcast clouds
192,Orlovka,RU,44.6914,44.1744,39.0,95,90,10.31,overcast clouds
193,Opelika,US,32.6454,-85.3783,58.78,82,75,1.99,broken clouds
194,Igrim,RU,63.1906,64.4162,4.15,94,100,10.69,light snow
195,Mahanoro,MG,-19.9,48.8,73.58,85,97,1.16,light rain
196,Muros,ES,42.7762,-9.0603,60.84,86,100,16.67,overcast clouds
197,Chipiona,ES,36.7366,-6.437,66.42,94,40,16.11,scattered clouds
198,Dollar,GB,56.1624,-3.6714,30.43,82,6,3.71,clear sky
199,La Asuncion,VE,11.0333,-63.8628,82.13,78,96,10.36,overcast clouds
200,Spittal,GB,51.8689,-4.9425,31.39,83,100,11.1,overcast clouds
201,Vestmannaeyjar,IS,63.4427,-20.2734,29.89,94,100,11.05,light snow
202,Riacho De Santana,BR,-13.6092,-42.9389,73.58,82,98,3.38,overcast clouds
203,Fontanka,UA,46.5626,30.8607,32.2,82,7,10.58,clear sky
204,Bertoua,CM,4.5833,13.6833,70.16,59,4,2.44,clear sky
205,Havelock,US,34.8791,-76.9013,50.0,69,75,5.75,broken clouds
206,Hamilton,US,39.1834,-84.5333,45.23,69,0,5.75,clear sky
207,Nantucket,US,41.2835,-70.0995,39.34,56,0,8.05,clear sky
208,Tessalit,ML,20.1986,1.0114,72.61,16,0,8.97,clear sky
209,Villa Maria,AR,-32.4075,-63.2402,91.29,11,0,7.0,clear sky
210,Oxelosund,SE,58.6706,17.1015,14.38,79,0,5.75,clear sky
211,Ostersund,SE,63.1792,14.6357,5.45,100,0,0.0,clear sky
212,Caucaia,BR,-3.7361,-38.6531,82.35,75,0,11.5,clear sky
213,Carbonia,IT,39.1672,8.5222,61.02,97,99,9.17,overcast clouds
214,Hetauda,NP,27.4284,85.0322,56.55,86,3,4.07,clear sky
215,Constitucion,CL,-35.3333,-72.4167,65.32,68,13,17.94,few clouds
216,Tombouctou,ML,20.0,-3.0,73.54,15,0,7.11,clear sky
217,Aswan,EG,24.0934,32.907,67.3,32,0,0.0,clear sky
218,Geraldton,AU,-28.7667,114.6,64.81,48,0,8.05,clear sky
219,Nalut,LY,30.3333,10.85,63.9,49,71,7.27,broken clouds
220,Mandera,KE,3.9366,41.867,82.42,26,1,8.77,clear sky
221,Seminole,US,28.7086,-81.2081,70.36,89,100,9.22,overcast clouds
222,Vardo,NO,70.3705,31.1107,30.18,93,100,27.63,snow
223,Disna,BY,55.568,28.1971,24.64,88,66,10.22,broken clouds
224,Alushta,UA,44.6667,34.4167,39.31,61,100,10.74,overcast clouds
225,Hun,LY,29.1268,15.9477,65.48,38,22,4.16,few clouds
226,Buchanan,LR,5.8808,-10.0467,78.78,83,8,6.2,light rain
227,Carnarvon,AU,-24.8667,113.6333,70.43,82,0,13.27,clear sky
228,Kargopol,RU,61.5071,38.9456,27.05,87,100,9.4,overcast clouds
229,Upernavik,GL,72.7868,-56.1549,21.27,90,100,20.67,light snow
230,Ibipeba,BR,-11.6408,-42.0111,76.1,61,84,4.61,broken clouds
231,Shelburne,CA,44.0787,-80.2041,27.39,75,7,3.71,clear sky
232,San Cristobal,VE,7.7669,-72.225,77.18,70,57,3.31,broken clouds
233,Roald,NO,62.5833,6.1333,28.76,68,75,16.11,snow
234,Channel-Port Aux Basques,CA,47.5702,-59.1367,38.3,95,100,46.68,overcast clouds
235,Kedrovyy,RU,56.1667,91.8167,-16.19,100,87,1.14,overcast clouds
236,Beloha,MG,-25.1667,45.05,72.63,82,92,6.64,overcast clouds
237,Funtua,NG,11.5233,7.3081,64.67,19,7,8.81,clear sky
238,Morondava,MG,-20.2833,44.2833,74.75,87,100,11.07,light rain
239,Bousso,TD,10.4795,16.7117,74.97,17,29,6.53,scattered clouds
240,Novyy Urengoy,RU,66.0833,76.6333,-10.25,90,99,10.22,overcast clouds
241,Westport,US,41.1415,-73.3579,39.24,50,0,4.0,clear sky
242,Lokosovo,RU,61.1333,74.8167,-18.65,97,64,3.29,broken clouds
243,Mubi,NG,10.2676,13.2644,70.25,24,10,1.86,clear sky
244,Porto Walter,BR,-8.2686,-72.7439,87.71,51,98,3.22,overcast clouds
245,Kayerkan,RU,69.3497,87.7602,-17.48,75,100,6.64,overcast clouds
246,Hanstholm,DK,57.1167,8.6167,38.8,64,97,20.98,light rain
247,Gumdag,TM,39.2061,54.5906,40.15,64,90,14.88,overcast clouds
248,Goshen,US,41.5823,-85.8344,36.73,79,100,12.59,overcast clouds
249,Rundu,NA,-17.9333,19.7667,70.34,72,52,2.75,light rain
250,Salto,UY,-31.3833,-57.9667,86.16,38,0,1.14,clear sky
251,Nara,JP,34.6851,135.8049,49.32,69,95,17.87,overcast clouds
252,Hualmay,PE,-11.0964,-77.6139,72.1,71,56,3.94,broken clouds
253,Aleksandrov Gay,RU,50.147,48.5704,20.7,60,0,12.71,clear sky
254,Ormara,PK,25.2088,64.6357,73.45,53,0,6.06,clear sky
255,Gayeri,BF,12.6497,0.4931,74.7,13,3,8.63,clear sky
256,Munchberg,DE,50.2,11.7833,20.12,89,100,7.0,overcast clouds
257,Mabaruma,GY,8.2,-59.7833,80.6,83,75,4.61,light rain
258,Vieux-Habitants,GP,16.0589,-61.7659,78.71,73,14,9.19,few clouds
259,Luis Correia,BR,-2.8792,-41.6669,84.2,79,40,13.8,scattered clouds
260,Le Vauclin,MQ,14.5452,-60.8388,80.65,74,75,12.66,broken clouds
261,Vieques,PR,18.425,-65.8329,80.62,61,75,4.61,broken clouds
262,Ostrovnoy,RU,68.0531,39.5131,18.75,88,100,12.66,overcast clouds
263,Presidencia Roque Saenz Pena,AR,-26.7852,-60.4388,95.72,10,0,8.52,clear sky
264,Coquimbo,CL,-29.9533,-71.3436,67.73,72,0,11.5,clear sky
265,Guarda,PT,40.5373,-7.2658,50.23,94,56,6.11,broken clouds
266,Denizli,TR,37.8402,29.0698,55.9,95,100,0.25,light rain
267,Asuncion,PY,-25.3007,-57.6359,89.04,31,0,14.97,clear sky
268,Namwala,ZM,-15.7504,26.4384,67.71,79,15,4.38,few clouds
269,Abu Samrah,SY,35.3029,37.1841,51.87,83,53,8.48,broken clouds
270,Oktyabrskiy,RU,54.4815,53.471,6.94,85,5,4.47,clear sky
271,Mbour,SN,14.422,-16.9638,77.85,48,0,9.17,clear sky
272,Belmonte,BR,-15.8631,-38.8828,77.95,87,82,13.33,broken clouds
273,Buraydah,SA,26.326,43.975,64.85,39,37,5.26,scattered clouds
274,Horki,BY,54.2861,30.9842,24.53,89,100,8.57,overcast clouds
275,Moen,NO,69.1304,18.6123,-3.28,84,0,0.0,clear sky
276,Nuuk,GL,64.1835,-51.7216,17.69,91,95,6.49,overcast clouds
277,Jadu,LY,31.953,12.0261,63.18,47,64,10.83,broken clouds
278,Scarborough,GB,54.2797,-0.4044,26.78,92,48,1.01,scattered clouds
279,Longyearbyen,SJ,78.2186,15.6401,-2.36,65,75,13.8,broken clouds
280,Goure,NE,13.9835,10.2704,67.14,12,12,8.32,few clouds
281,Gachala,CO,4.6924,-73.5204,63.09,98,95,1.92,overcast clouds
282,Hofn,IS,64.2539,-15.2082,22.05,59,8,14.58,clear sky
283,Hauterive,FR,46.0901,3.4459,34.56,96,84,4.99,broken clouds
284,Dehloran,IR,32.6941,47.2679,62.06,43,100,8.99,overcast clouds
285,Selb,DE,50.1706,12.1305,22.3,92,100,5.32,overcast clouds
286,Mezen,RU,65.8522,44.24,20.08,95,100,8.59,light snow
287,Port Shepstone,ZA,-30.7414,30.455,73.83,91,97,19.3,overcast clouds
288,Ayni,TJ,39.3941,68.5377,21.69,61,22,7.45,few clouds
289,Cham,DE,49.245,12.6825,23.13,90,100,3.53,overcast clouds
290,Zarand,IR,30.8127,56.564,45.54,42,0,0.18,clear sky
291,Bukama,CD,-9.2,25.85,68.38,98,100,1.57,moderate rain
292,Road Town,VG,18.4167,-64.6167,78.89,65,20,3.44,few clouds
293,Sabla,NG,12.7525,4.7077,72.07,12,36,9.48,scattered clouds
294,Sirpur,IN,19.4833,79.6,70.61,85,6,2.73,clear sky
295,Kibala,TD,9.1104,18.3463,67.95,68,0,0.0,clear sky
296,Surt,LY,31.2089,16.5887,69.24,51,51,9.8,broken clouds
297,Moncao,PT,42.0789,-8.4808,61.14,98,87,6.22,overcast clouds
298,Gat,IL,31.61,34.7642,63.39,100,62,6.6,broken clouds
299,Springdale,US,36.1867,-94.1288,57.83,95,75,10.36,broken clouds
300,Sorland,NO,67.667,12.6934,33.66,69,100,14.27,light snow
301,Upington,ZA,-28.4478,21.2561,79.18,36,38,3.44,scattered clouds
302,Bedele,ET,8.456,36.353,55.81,86,90,2.98,overcast clouds
303,Sakakah,SA,29.9697,40.2064,63.97,36,100,4.21,overcast clouds
304,Rafaela,AR,-31.2503,-61.4867,86.99,16,0,5.46,clear sky
305,Ayagoz,KZ,47.9714,80.4392,10.38,93,100,3.83,overcast clouds
306,Rawson,AR,-43.3002,-65.1023,65.73,50,52,14.16,broken clouds
307,Sao Sebastiao,BR,-23.76,-45.4097,70.34,87,100,8.21,overcast clouds
308,Maroantsetra,MG,-15.4333,49.7333,73.24,84,67,1.39,broken clouds
309,Nandikotkur,IN,15.8667,78.2667,69.94,91,15,5.08,few clouds
310,Oyem,GA,1.5995,11.5793,68.25,95,89,2.01,overcast clouds
311,Plettenberg Bay,ZA,-34.0527,23.3716,66.42,92,16,5.57,few clouds
312,Yar-Sale,RU,66.8333,70.8333,-3.19,89,100,14.67,overcast clouds
313,Valparaiso,CL,-33.0393,-71.6273,84.43,56,0,10.36,clear sky
314,Benicarlo,ES,40.4165,0.4271,62.56,93,79,2.71,broken clouds
315,Narsaq,GL,60.9167,-46.05,9.01,66,73,7.9,broken clouds
316,Defiance,US,41.3334,-84.45,36.07,66,99,10.16,overcast clouds
317,Umm Kaddadah,SD,13.6017,26.6876,65.16,16,91,11.16,overcast clouds
318,Junnar,IN,19.2,73.8833,70.56,80,88,5.32,overcast clouds
319,Bonthe,SL,7.5264,-12.505,79.52,82,1,6.4,clear sky
320,Bogo,PH,11.0517,124.0055,77.94,88,43,5.57,scattered clouds
321,Gharo,PK,24.7424,67.5856,68.22,25,0,16.11,clear sky
322,Korla,CN,41.7597,86.1469,17.78,72,3,5.59,clear sky
323,Sozimskiy,RU,59.7418,52.2482,16.45,82,34,9.22,scattered clouds
324,Royan,FR,45.6285,-1.0281,41.83,96,100,10.92,overcast clouds
325,Najran,SA,17.4924,44.1277,57.85,55,2,2.8,clear sky
326,Forio,IT,40.7342,13.8646,58.82,94,100,3.0,overcast clouds
327,Bekhtery,UA,46.251,32.2927,33.48,74,38,8.79,scattered clouds
328,Vondrozo,MG,-22.8167,47.2833,65.66,95,100,0.83,light rain
329,Nisia Floresta,BR,-6.0911,-35.2086,81.41,78,16,10.25,few clouds
330,Zadonsk,RU,52.3904,38.9261,28.08,96,100,23.06,snow
331,Kango,GA,0.1943,10.0951,74.53,95,100,1.99,moderate rain
332,Mecca,SA,21.4267,39.8261,74.71,68,2,2.62,clear sky
333,Bereznik,RU,62.8551,42.7072,29.17,92,100,9.69,overcast clouds
334,Ordu,TR,40.9086,37.6845,41.5,92,100,2.46,overcast clouds
335,Galdar,ES,28.147,-15.6502,71.35,71,0,3.74,clear sky
336,Wagar,SD,16.1525,36.2032,74.43,62,8,8.43,clear sky
337,Maniitsoq,GL,65.4167,-52.9,18.97,79,99,8.16,overcast clouds
338,Yahotyn,UA,50.2798,31.7625,27.64,91,100,16.69,light snow
339,Hambantota,LK,6.1241,81.1185,73.74,100,20,2.3,few clouds
340,Opuwo,NA,-18.0607,13.84,67.3,29,74,4.81,broken clouds
341,Kumo,NG,10.0447,11.2122,74.34,20,84,6.26,broken clouds
342,Veraval,IN,20.9,70.3667,77.45,62,54,11.7,broken clouds
343,Nova Prata,BR,-28.7839,-51.61,68.59,52,0,5.5,clear sky
344,Itarema,BR,-2.9248,-39.9167,79.48,75,8,13.29,clear sky
345,Campos Gerais,BR,-21.235,-45.7586,66.36,96,100,4.76,moderate rain
346,Puerto Ayora,EC,-0.7393,-90.3518,78.76,89,81,5.01,broken clouds
347,Bengkulu,ID,-3.8004,102.2655,73.26,91,100,6.62,overcast clouds
348,Vila Do Maio,CV,15.1333,-23.2167,77.79,78,2,8.57,clear sky
349,Nova Olimpia,BR,-14.7972,-57.2881,73.35,97,99,1.86,moderate rain
350,Mitu,CO,1.1983,-70.1733,75.42,91,100,1.1,overcast clouds
351,Mehran,IR,33.1222,46.1646,63.88,45,100,10.16,overcast clouds
352,Quthing,LS,-30.4,27.7003,63.48,81,43,2.68,light rain
353,Tokmak,UA,47.2514,35.7058,34.57,79,97,15.23,overcast clouds
354,Antalaha,MG,-14.9003,50.2788,72.97,81,16,6.31,few clouds
355,Rogatica,BA,43.8008,19.0025,35.15,70,100,2.06,overcast clouds
356,Pitsunda,GE,43.1592,40.3378,53.78,82,100,11.14,overcast clouds
357,Aden,YE,12.7794,45.0367,77.68,70,0,13.27,clear sky
358,Sindgi,IN,16.9167,76.2333,70.18,87,78,9.82,broken clouds
359,Humaita,BR,-7.5061,-63.0208,79.81,79,98,1.66,overcast clouds
360,Sambava,MG,-14.2667,50.1667,73.06,83,5,8.61,clear sky
361,Zhezkazgan,KZ,47.8043,67.7144,8.98,77,45,6.64,scattered clouds
362,Lucea,JM,18.451,-78.1736,82.26,73,39,9.78,scattered clouds
363,Puerto Baquerizo Moreno,EC,-0.9,-89.6,70.5,82,59,10.18,broken clouds
364,Bangassou,CF,4.7413,22.8184,67.64,91,96,3.11,overcast clouds
365,Santa Maria,BR,-29.6842,-53.8069,79.9,28,0,5.75,clear sky
366,Saint-Louis,SN,16.3333,-15.0,76.64,13,0,9.31,clear sky
367,Gualaquiza,EC,-3.4,-78.55,69.3,94,93,2.1,light rain
368,Karpathos,GR,35.507,27.2132,62.56,88,100,11.5,overcast clouds
369,Mazagao,BR,-0.115,-51.2894,79.74,71,13,5.44,few clouds
370,Imbituba,BR,-28.24,-48.6703,70.07,63,3,13.53,clear sky
371,Skegness,GB,53.1436,0.3363,32.02,73,29,6.71,scattered clouds
372,San Juan,AR,-31.5375,-68.5364,95.34,13,0,3.33,clear sky
373,Triolet,MU,-20.0547,57.5453,77.27,70,8,7.0,clear sky
374,Norwich,GB,52.6278,1.2983,32.32,91,0,4.0,clear sky
375,Dortyol,TR,36.8616,36.2289,54.84,76,89,10.27,overcast clouds
376,Naujamiestis,LT,55.6869,24.1523,17.44,95,66,7.87,broken clouds
377,Ballina,AU,-28.8667,153.5667,73.78,81,21,5.75,few clouds
378,Saint Augustine,US,29.8947,-81.3145,68.09,94,100,13.8,mist
379,Ambilobe,MG,-13.2,49.05,73.15,79,2,2.84,clear sky
380,Praia Da Vitoria,PT,38.7333,-27.0667,58.75,87,59,24.9,light rain
381,Ancud,CL,-41.8697,-73.8203,59.36,74,95,8.57,overcast clouds
382,Andenes,NO,69.3143,16.1194,26.58,59,20,11.5,few clouds
383,Manaus,BR,-3.1019,-60.025,73.9,100,75,3.44,moderate rain
384,Crossville,US,35.949,-85.0269,52.43,79,87,5.01,overcast clouds
385,Saint Pete Beach,US,27.7253,-82.7412,79.07,61,0,6.91,clear sky
386,Godhra,IN,22.75,73.6333,71.94,46,58,10.07,broken clouds
387,Nouadhibou,MR,20.931,-17.0347,69.55,77,0,15.39,clear sky
388,Havre-Saint-Pierre,CA,50.2334,-63.5986,34.16,86,100,19.57,light rain
389,Inta,RU,66.0317,60.1659,10.83,88,100,3.96,overcast clouds
390,Zherdevka,RU,51.8486,41.4606,25.45,79,68,25.28,broken clouds
391,Maceio,BR,-9.6658,-35.7353,78.24,88,0,12.66,clear sky
392,Sao Raimundo Nonato,BR,-9.0153,-42.6994,81.48,41,5,5.61,clear sky
393,Johnson City,US,36.3134,-82.3535,55.17,67,0,4.61,clear sky
394,Beisfjord,NO,68.3751,17.5988,19.04,73,100,3.71,overcast clouds
395,Huesca,ES,42.1362,-0.4087,48.88,97,75,3.44,moderate rain
396,Tucuma,BR,-0.1833,-50.05,78.15,82,49,7.05,scattered clouds
397,Camacha,PT,33.0833,-16.3333,67.42,78,20,14.97,few clouds
398,Diamantino,BR,-14.4086,-56.4461,79.63,67,100,5.28,overcast clouds
399,Cavalcante,BR,-13.7975,-47.4583,70.81,90,78,2.26,broken clouds
400,Lukulu,ZM,-14.3707,23.242,67.87,82,29,3.89,scattered clouds
401,Vargashi,RU,55.3556,65.8467,2.55,93,56,6.67,broken clouds
402,Bumba,CD,2.1833,22.4667,69.96,94,99,2.59,overcast clouds
403,Old Saybrook,US,41.2918,-72.3762,40.98,47,0,6.91,clear sky
404,Antalya,TR,36.7741,30.7178,59.59,91,75,6.91,shower rain
405,Kattivakkam,IN,13.2167,80.3167,78.89,86,53,3.09,broken clouds
406,Cacoal,BR,-11.4386,-61.4472,81.55,77,93,3.13,heavy intensity rain
407,Aragarcas,BR,-15.8975,-52.2508,74.3,89,99,5.46,light rain
408,San Matias,BO,-16.3667,-58.4,91.35,40,81,5.55,broken clouds
409,Ornskoldsvik,SE,63.2909,18.7153,11.35,79,75,11.5,broken clouds
410,Boa Vista,BR,2.8197,-60.6733,82.38,69,20,2.3,few clouds
411,Vetluga,RU,57.8557,45.781,16.72,84,63,10.74,broken clouds
412,Bam,IR,29.106,58.357,47.05,38,0,1.01,clear sky
413,Arak,IR,34.0917,49.6892,42.17,52,96,4.52,overcast clouds
414,Kidal,ML,18.4411,1.4078,71.08,11,3,8.08,clear sky
415,Mangrol,IN,21.1167,70.1167,76.69,64,35,10.29,scattered clouds
416,Chabahar,IR,25.2919,60.643,71.22,52,0,7.27,clear sky
417,Oranjestad,AW,12.524,-70.027,80.91,77,59,8.01,broken clouds
418,Port-Cartier,CA,50.0334,-66.8654,19.74,92,100,15.64,snow
419,Maarianhamina,AX,60.0973,19.9348,21.06,79,40,8.05,scattered clouds
420,Natal,BR,-5.795,-35.2094,81.25,78,20,16.11,few clouds
421,Keuruu,FI,62.2667,24.7,11.8,96,100,4.7,light snow
422,Zdvinsk,RU,54.7021,78.661,-17.19,97,7,5.21,clear sky
423,Nikolskoye,RU,59.7035,30.7861,24.8,89,86,10.0,overcast clouds
424,Sindor,RU,62.8629,51.8905,23.77,92,100,9.33,overcast clouds
425,Tamandare,BR,-8.7597,-35.1047,79.39,76,36,13.04,scattered clouds
426,Vila Franca Do Campo,PT,37.7167,-25.4333,61.21,79,21,23.55,light rain
427,Porto Santo,PT,33.072,-16.3415,70.18,78,20,14.97,few clouds
428,Catamarca,AR,-28.4696,-65.7852,90.07,34,10,8.99,clear sky
429,Nouakchott,MR,18.0858,-15.9785,78.73,27,0,10.54,clear sky
430,Lesnyye Polyany,RU,55.9667,37.8667,26.82,96,100,10.56,snow
431,Pizarro,CO,4.9533,-77.366,78.3,83,82,6.76,broken clouds
432,Lerwick,GB,60.1545,-1.1494,32.0,61,95,25.1,overcast clouds
433,Lulea,SE,65.5842,22.1547,6.87,85,100,10.36,light snow
434,Eidsvag,NO,62.7767,8.0668,23.65,69,100,7.49,overcast clouds
435,Huarmey,PE,-10.0681,-78.1522,69.94,80,79,3.83,broken clouds
436,Castelo Do Piaui,BR,-5.3222,-41.5525,86.76,26,34,3.31,scattered clouds
437,Samana,DO,19.2056,-69.3369,72.23,72,0,5.39,clear sky
438,Rabo De Peixe,PT,37.8,-25.5833,60.31,98,40,31.07,light intensity shower rain
439,Kostomuksha,RU,64.571,30.5767,17.62,93,100,8.75,overcast clouds
440,Grindavik,IS,63.8424,-22.4338,21.67,73,20,13.8,few clouds
441,Tibu,CO,8.639,-72.7358,76.91,92,74,2.44,broken clouds
442,Gornopravdinsk,RU,60.05,69.9,-8.27,95,100,4.83,overcast clouds
443,Halifax,CA,44.6453,-63.5724,28.47,68,75,32.01,broken clouds
444,Mastaga,AZ,40.5328,50.0039,44.31,87,0,9.22,clear sky
445,Jaffna,LK,9.6685,80.0074,76.57,85,8,8.72,clear sky
446,Aras,ES,42.5617,-2.356,48.76,93,100,3.44,light rain
447,Makueni,KE,-1.8041,37.6203,60.13,93,63,3.47,broken clouds
448,Mamallapuram,IN,12.6264,80.1722,78.85,85,24,4.27,few clouds
449,Sahbuz,AZ,39.4072,45.5739,33.4,85,91,1.36,overcast clouds
450,Wick,GB,58.4333,-3.0833,35.65,80,75,16.11,broken clouds
451,Viedma,AR,-40.8135,-62.9967,76.8,28,1,15.55,clear sky
452,Mumford,GH,5.2618,-0.759,79.54,85,76,7.4,broken clouds
453,Alto Paraguai,BR,-14.5136,-56.4825,79.16,68,100,5.17,overcast clouds
454,Saint-Dizier,FR,48.4167,5.0833,28.69,80,100,7.63,overcast clouds
455,Kissidougou,GN,9.1848,-10.0999,69.67,29,5,1.34,clear sky
456,Makurdi,NG,7.7411,8.5121,79.09,23,2,0.72,clear sky
457,Kibre Mengist,ET,5.8833,38.9833,58.21,60,76,1.39,broken clouds
458,Pangody,RU,65.85,74.4859,-8.5,91,100,10.87,overcast clouds
459,Mantua,IT,45.1667,10.7833,36.64,91,100,5.01,overcast clouds
460,Turtas,RU,58.9417,69.1325,-9.2,93,97,4.68,overcast clouds
461,Rocha,UY,-34.4833,-54.3333,64.42,49,0,7.87,clear sky
462,Yanam,IN,16.7333,82.2167,72.46,84,3,3.42,clear sky
463,Kem,RU,64.9555,34.5793,19.81,95,95,10.96,overcast clouds
464,Cockburn Town,TC,21.4612,-71.1419,76.96,65,20,0.0,few clouds
465,Peniche,PT,39.3558,-9.3811,62.29,88,35,15.1,scattered clouds
466,Areka,ET,7.0667,37.7,62.8,71,88,5.64,overcast clouds
467,Faya,SA,18.3851,42.4509,54.12,73,5,1.48,clear sky
468,Palaikastron,GR,35.2,26.25,62.8,76,100,13.76,light rain
469,Dorado,PR,18.4588,-66.2677,78.96,74,40,4.61,scattered clouds
470,Stary Plzenec,CZ,49.6977,13.4735,22.21,90,97,4.72,overcast clouds
471,Mahanje,TZ,-9.9333,35.3333,64.56,84,24,2.28,few clouds
472,Tabat,ID,-2.635,115.2274,72.43,99,100,0.69,overcast clouds
473,Veendam,NL,53.1067,6.8792,26.98,95,75,4.94,broken clouds
474,Tiszaroff,HU,47.4,20.45,23.99,89,7,2.53,clear sky
475,Cururupu,BR,-1.8283,-44.8683,77.2,82,9,5.23,clear sky
476,Leh,IN,34.1667,77.5833,14.5,40,12,2.21,few clouds
477,Maragogi,BR,-9.0122,-35.2225,79.2,76,24,13.27,few clouds
478,Zambezi,ZM,-13.5432,23.1047,63.91,96,18,4.14,light rain
479,Tucurui,BR,-3.7661,-49.6725,81.23,68,82,3.96,broken clouds
480,Saint-Georges,GD,12.0564,-61.7485,76.19,88,100,13.56,light rain
481,Paamiut,GL,61.994,-49.6678,16.2,73,40,7.76,scattered clouds
482,Oksfjord,NO,70.2396,22.3479,23.18,81,100,7.38,overcast clouds
483,Port-Gentil,GA,-0.7193,8.7815,76.96,94,20,3.44,light rain
484,Ibatiba,BR,-20.2339,-41.5106,69.31,98,99,5.79,moderate rain
485,Luderitz,NA,-26.6481,15.1594,65.16,93,6,8.41,clear sky
486,Beira,MZ,-19.8436,34.8389,77.97,86,76,6.6,broken clouds
487,La Sarre,CA,48.8002,-79.1996,13.73,96,42,5.82,scattered clouds
488,Piranshahr,IR,36.701,45.1413,38.98,97,100,5.26,light rain
489,Zaykovo,RU,57.5613,62.7568,2.21,97,85,5.66,overcast clouds
490,Benoy,TD,8.9833,16.3199,75.34,20,30,5.84,scattered clouds
491,Naantali,FI,60.4674,22.0243,24.85,92,100,2.3,light shower snow
492,Novobelokatay,RU,55.7062,58.9549,4.78,85,44,2.95,scattered clouds
493,Batticaloa,LK,7.7102,81.6924,76.87,84,61,3.69,broken clouds
494,Cotonou,BJ,6.3654,2.4183,80.44,81,48,10.51,scattered clouds
495,Mattru,SL,7.6244,-11.8332,75.42,90,1,3.0,clear sky
496,Bat Khela,PK,34.6167,71.9714,50.54,27,81,7.81,broken clouds
497,Pipili,IN,20.1167,85.8333,70.14,100,1,2.3,fog
498,Wicklow,IE,53.0,-6.4167,35.08,82,46,11.01,scattered clouds
499,Doha,QA,25.2867,51.5333,69.78,64,0,4.61,clear sky
500,Parabel,RU,58.6978,81.4825,-21.59,99,16,5.55,few clouds
501,Hammerfest,NO,70.6634,23.6821,21.65,58,75,3.44,broken clouds
502,Saint-Pierre,RE,-21.3393,55.4781,75.9,73,0,4.61,light rain
503,Mogadishu,SO,2.0371,45.3438,79.63,79,8,16.82,clear sky
504,Quilmana,PE,-12.95,-76.3833,72.32,71,67,5.48,broken clouds
505,Mwaya,TZ,-9.55,33.95,74.44,73,6,3.49,clear sky
506,Aripuana,BR,-9.1667,-60.6333,74.71,92,95,5.41,overcast clouds
507,Jimma,ET,7.6667,36.8333,59.32,90,85,1.52,light rain
508,Herat,AF,34.5,62.0,42.21,45,35,5.37,scattered clouds
509,Kemijarvi,FI,66.7131,27.4306,13.03,95,100,5.93,light snow
510,Terra Santa,BR,-2.1042,-56.4869,84.06,54,71,2.75,broken clouds
511,Usinsk,RU,65.9939,57.5281,15.76,94,100,16.33,light snow
512,Rovaniemi,FI,66.5,25.7167,9.81,92,100,10.36,light snow
513,Conceicao Do Araguaia,BR,-8.2578,-49.2647,76.26,90,64,3.76,broken clouds
514,Grenaa,DK,56.4158,10.8783,34.02,94,100,22.44,overcast clouds
515,Capinota,BO,-17.7167,-66.2333,66.65,53,100,6.62,overcast clouds
516,Sortland,NO,68.6949,15.4162,22.08,85,100,2.71,overcast clouds
517,Verkhnetulomskiy,RU,68.6073,31.7962,17.73,96,100,2.57,light snow
518,Constantine,DZ,36.365,6.6147,58.41,82,20,12.66,few clouds
519,Saint-Jean-De-Luz,FR,43.3891,-1.6581,61.52,83,100,5.75,overcast clouds
520,Bembereke,BJ,10.2283,2.6634,72.68,22,21,4.41,few clouds
521,Elliot Lake,CA,46.3834,-82.6331,22.26,82,34,3.44,scattered clouds
522,Kilinochchi,LK,9.3961,80.3982,74.61,89,12,5.39,few clouds
523,Dokka,NO,60.84,10.0618,-1.14,95,100,3.98,overcast clouds
524,Bud,US,39.447,-86.1758,45.05,76,100,12.08,overcast clouds
525,Owensboro,US,37.7742,-87.1133,55.45,62,100,12.66,overcast clouds
526,Tarata,BO,-17.6167,-66.0167,63.07,59,100,5.86,overcast clouds
527,Ferkessedougou,CI,9.6,-5.2,77.14,18,1,4.29,clear sky
528,Kerekegyhaza,HU,46.9372,19.4781,27.75,77,8,5.21,clear sky
529,Isfara,TJ,40.1265,70.6253,30.51,61,3,4.83,clear sky
530,Pesnica Pri Mariboru,SI,46.6069,15.6767,30.07,82,100,2.3,overcast clouds
531,Oron,NG,4.8256,8.2343,78.64,84,1,5.41,light rain
532,Bayji,IQ,34.9311,43.487,56.23,80,100,9.4,overcast clouds
533,Fernandina Beach,US,30.6697,-81.4626,63.01,77,100,17.27,overcast clouds
534,Huntingdon,GB,52.3305,-0.1865,31.03,98,100,6.8,overcast clouds
535,Sabzevar,IR,36.2126,57.6819,41.07,41,38,2.66,scattered clouds
536,Sao Joao Do Paraiso,BR,-15.3136,-42.0144,70.18,91,100,6.13,light rain
537,Mattawa,US,46.7379,-119.9028,34.88,89,96,1.83,overcast clouds
538,Togur,RU,58.3631,82.8265,-19.98,99,13,4.72,few clouds
539,Pangnirtung,CA,66.1451,-65.7125,13.89,86,98,3.85,overcast clouds
540,Vagur,FO,61.4732,-6.8119,33.13,66,100,30.98,overcast clouds
541,Hasanabad,IR,36.5465,61.0543,51.73,33,60,14.29,broken clouds
542,Adilabad,IN,19.6667,78.5333,71.64,81,9,2.86,clear sky
543,Ust-Kan,RU,50.9276,84.761,-1.8,97,99,2.91,overcast clouds
544,Sisimiut,GL,66.9395,-53.6735,18.5,82,100,14.16,overcast clouds
545,Sikeston,US,36.8767,-89.5879,60.76,82,100,16.11,overcast clouds
546,Karpogory,RU,64.0019,44.4451,27.21,91,100,9.75,overcast clouds
547,Killybegs,IE,54.6333,-8.45,35.73,73,7,11.79,clear sky
548,Kangaatsiaq,GL,68.3065,-53.4641,15.69,84,100,12.44,overcast clouds
549,Minsk,BY,53.9,27.5667,24.55,94,96,9.73,overcast clouds
550,Thompson,CA,55.7435,-97.8558,12.79,99,88,2.1,overcast clouds
551,Marathon,US,44.9,-89.7668,31.75,84,100,17.27,overcast clouds
552,Atar,MR,20.5169,-13.0499,78.24,30,0,6.08,clear sky
553,Yarmouth,US,41.7057,-70.2286,39.96,56,0,28.01,clear sky
554,Bogotol,RU,56.2078,89.5342,-4.86,100,100,3.49,overcast clouds
555,Povenets,RU,62.8487,34.8262,21.18,93,69,9.6,broken clouds
556,Conselheiro Lafaiete,BR,-20.6603,-43.7861,66.24,97,100,2.06,light rain
557,Mobai,SL,7.9944,-10.7511,70.52,53,0,1.03,clear sky
558,Kousseri,CM,12.0769,15.0306,74.23,23,72,8.7,broken clouds
559,Sao Paulo De Olivenca,BR,-3.3783,-68.8725,75.33,94,99,2.04,overcast clouds
560,Deer Lake,CA,49.1667,-57.4316,38.44,83,100,24.18,overcast clouds
561,Staraya Poltavka,RU,50.4772,46.4814,21.96,65,0,15.46,clear sky
562,Abha,SA,18.2164,42.5053,53.85,62,0,0.0,clear sky
563,Garissa,KE,-0.4536,39.6401,77.9,73,55,9.31,broken clouds
564,Filingue,NE,14.3521,3.3168,73.33,11,25,9.44,scattered clouds
565,Rio Gallegos,AR,-51.6226,-69.2181,59.05,17,75,29.93,broken clouds
566,Sibi,PK,29.5448,67.8764,61.21,36,0,1.95,clear sky
567,Am Timan,TD,11.0297,20.2827,76.64,16,69,5.35,broken clouds
568,Necochea,AR,-38.5473,-58.7368,71.89,36,4,8.3,clear sky
569,Sabha,LY,27.0377,14.4283,65.71,38,0,7.27,clear sky
570,Galle,LK,6.0367,80.217,74.68,88,88,3.65,overcast clouds
571,Carmarthen,GB,51.8555,-4.3054,32.95,70,100,12.66,overcast clouds
572,Nahrin,AF,36.0649,69.1334,41.14,44,99,3.53,overcast clouds
573,Vestmanna,FO,62.1564,-7.1664,29.32,64,40,27.63,light snow
574,Yerkoy,TR,39.6381,34.4672,51.39,71,100,7.87,overcast clouds
575,Beyneu,KZ,45.3167,55.2,29.1,86,5,11.92,clear sky
576,Chake Chake,TZ,-5.2459,39.7666,77.2,83,76,6.55,broken clouds
577,Los Llanos De Aridane,ES,28.6585,-17.9182,68.13,83,0,8.01,clear sky
578,Morros,BR,-9.4467,-46.3003,77.85,67,91,4.29,overcast clouds
579,Matagami,CA,49.7502,-77.6328,14.11,92,100,8.05,mist
580,Thinadhoo,MV,0.5333,72.9333,80.6,78,97,10.6,light rain
581,Aksay,RU,47.26,39.87,41.25,81,100,14.0,light rain
582,Itanhem,BR,-17.1664,-40.33,76.84,85,100,9.44,overcast clouds
583,Chute-Aux-Outardes,CA,49.1168,-68.399,18.25,74,52,13.15,broken clouds
584,Kuryk,KZ,43.2,51.65,36.9,67,100,16.2,light rain
585,Tripoli,LY,32.8752,13.1875,69.4,61,95,11.81,overcast clouds
586,Oranjemund,NA,-28.55,16.4333,66.47,92,2,2.42,clear sky
587,Port Hawkesbury,CA,45.6169,-61.3485,34.63,99,100,31.0,light snow
588,Kamenka,RU,51.3223,42.7678,23.22,72,51,25.08,broken clouds
589,Placido De Castro,BR,-10.3353,-67.1856,88.92,48,100,3.96,overcast clouds
590,Ayabaca,PE,-4.6398,-79.7149,53.02,78,100,4.9,light rain
591,Selty,RU,57.3132,52.1345,10.27,79,12,7.38,few clouds
592,Ndele,CF,8.4109,20.6473,73.56,20,20,4.36,few clouds
593,Petauke,ZM,-14.2426,31.3253,66.36,85,46,4.38,light rain
594,Semme,FR,46.1963,1.5007,43.21,97,100,7.61,overcast clouds
595,Mehriz,IR,31.5917,54.4318,37.9,34,4,3.51,clear sky
596,Buzdyak,RU,54.5833,54.55,1.26,85,6,4.76,clear sky
597,Chulym,RU,55.0997,80.9572,-18.04,99,8,5.53,clear sky
598,Umea,SE,63.8284,20.2597,10.33,72,75,10.36,broken clouds
599,Taltal,CL,-25.4,-70.4833,70.56,71,23,5.26,few clouds
600,Samoylovka,RU,51.184,43.7081,22.96,72,36,22.62,scattered clouds
601,Conthey,CH,46.2253,7.3037,37.89,80,83,1.14,broken clouds
602,Pleshanovo,RU,52.8333,53.4833,14.83,72,84,9.46,broken clouds
603,Tandil,AR,-37.3217,-59.1332,81.68,13,8,8.52,clear sky
604,Kontagora,NG,10.3999,5.4695,74.64,21,97,4.59,overcast clouds
605,Aleksandrovka,UA,46.8383,32.7612,30.2,81,31,9.4,scattered clouds
606,Terrace Bay,CA,48.7834,-87.1,24.76,81,100,8.08,overcast clouds
607,Senanga,ZM,-16.1167,23.2667,68.85,78,9,4.54,clear sky
608,Janakpur,NP,26.7183,85.9065,59.58,75,6,2.01,clear sky
609,Benguela,AO,-12.5763,13.4055,75.87,75,82,3.33,broken clouds
610,Waverly,US,42.7392,-84.6208,32.16,75,0,11.5,clear sky
611,Fort-Shevchenko,KZ,44.5086,50.263,34.21,63,97,14.03,overcast clouds
612,Ust-Ishim,RU,57.6935,71.1665,-19.55,99,98,1.88,overcast clouds
613,Potosi,BO,-19.5836,-65.7531,51.94,54,99,10.69,overcast clouds
614,Molodizhne,UA,48.1773,32.6601,26.98,90,63,11.14,broken clouds
615,Nhamunda,BR,-2.1861,-56.7131,83.16,58,76,3.0,broken clouds
616,Rasra,IN,25.85,83.85,57.31,40,6,6.64,clear sky
617,Yangambi,CD,0.8102,24.4336,66.85,99,99,1.45,overcast clouds
618,Thunder Bay,CA,48.4001,-89.3168,33.71,75,100,13.8,overcast clouds
619,Borgarnes,IS,64.5383,-21.9206,8.82,69,9,7.81,clear sky
620,Koygorodok,RU,60.445,50.9968,16.88,84,32,9.64,scattered clouds
621,Bay City,US,43.5945,-83.8889,30.94,79,0,6.91,clear sky
622,Moose Factory,CA,51.2585,-80.6094,15.78,92,20,2.3,few clouds
623,Lapeer,US,43.0514,-83.3188,31.48,72,0,0.0,clear sky
624,Bolgatanga,GH,10.7856,-0.8514,79.12,18,3,6.08,clear sky
625,Le Port,RE,-20.9373,55.2919,76.24,66,56,7.63,broken clouds
626,Vasarosnameny,HU,48.1333,22.3167,28.33,79,13,4.81,few clouds
627,Maloy,NO,61.9353,5.1136,25.74,64,100,7.67,light snow
628,Sept-Iles,CA,50.2001,-66.3821,20.05,92,100,16.11,light snow
629,Venice,US,27.0998,-82.4543,78.84,78,0,6.91,haze
630,Goderich,CA,43.7501,-81.7165,27.91,62,93,5.77,overcast clouds
631,Awjilah,LY,29.1081,21.2869,61.23,78,21,2.53,few clouds
632,Barreirinha,BR,-2.7933,-57.07,82.22,61,89,2.28,overcast clouds
633,Oistins,BB,13.0667,-59.5333,75.29,78,20,16.11,light rain
634,Ambalavao,MG,-21.8333,46.9333,62.65,90,100,3.11,overcast clouds
635,Koani,TZ,-6.1333,39.2833,75.76,88,11,5.53,few clouds
636,Salamiyah,SY,35.0113,37.0532,53.53,81,55,5.95,broken clouds
637,Cassilandia,BR,-19.1133,-51.7342,73.27,92,100,5.3,light rain
638,Jacareacanga,BR,-6.2222,-57.7528,73.85,97,100,2.73,overcast clouds
639,Liwale,TZ,-9.7667,37.9333,68.07,95,100,2.17,overcast clouds
640,Irondequoit,US,43.2134,-77.5797,31.53,72,20,4.61,few clouds
641,Riberalta,BO,-10.9833,-66.1,84.49,66,85,2.77,overcast clouds
642,Kilindoni,TZ,-7.9139,39.6668,81.1,70,67,5.95,broken clouds
643,Jumla,NP,29.2747,82.1838,38.35,16,0,5.57,clear sky
644,Bridgetown,BB,13.1,-59.6167,75.69,78,20,16.11,light rain
645,Marsh Harbour,BS,26.5412,-77.0636,73.18,68,26,19.13,scattered clouds
646,Aksarka,RU,66.5606,67.7975,-2.15,91,100,13.87,overcast clouds
647,Abalak,RU,58.1286,68.5944,-13.23,96,92,4.43,overcast clouds
648,Cravo Norte,CO,6.3017,-70.2041,82.71,62,98,5.46,overcast clouds
649,Kuytun,RU,54.3419,101.5036,-11.22,96,100,0.85,overcast clouds
650,Kudahuvadhoo,MV,2.6708,72.8944,79.77,81,83,8.93,broken clouds
651,Axim,GH,4.8699,-2.2405,79.12,84,55,7.72,broken clouds
652,Zharkent,KZ,44.1628,80.0,11.75,80,74,2.77,broken clouds
653,Linares,CL,-35.85,-71.6,91.27,16,0,9.89,clear sky
654,Atasu,KZ,48.6814,71.6433,-3.41,85,44,3.8,scattered clouds
655,Syracuse,IT,37.0881,15.2792,58.37,77,56,11.92,broken clouds
656,Vamvakou,GR,39.3333,22.4167,53.31,87,100,4.27,overcast clouds
657,Lubango,AO,-14.9172,13.4925,58.82,69,64,3.91,broken clouds
658,Adwa,ET,14.1646,38.8955,57.42,59,18,1.99,few clouds
659,Chaumont,FR,48.1167,5.1333,29.37,85,99,6.73,overcast clouds
660,Bonanza,NI,14.0289,-84.591,78.75,75,71,1.99,broken clouds
661,La Brea,HN,15.8,-85.9667,81.91,74,20,9.22,few clouds
662,Soyo,AO,-6.1349,12.3689,76.98,84,99,2.62,light rain
663,Lodwar,KE,3.1191,35.5973,84.92,37,100,14.09,overcast clouds
664,Dedovichi,RU,57.5517,29.9502,21.58,91,84,10.38,broken clouds
665,Nacala,MZ,-14.5428,40.6728,77.56,84,60,4.65,broken clouds
666,Nizwa,OM,22.9333,57.5333,64.74,68,42,0.96,scattered clouds
667,Kikerino,RU,59.4667,29.6333,21.51,94,97,9.51,light snow
668,Copiapo,CL,-27.3667,-70.3333,65.89,34,8,7.92,clear sky
669,Rio Grande,BR,-32.035,-52.0986,71.71,57,0,12.06,clear sky
670,Falmouth,GB,50.1544,-5.0711,37.98,87,100,21.85,light rain
671,Wickede,DE,51.4833,7.8667,28.49,88,100,4.61,overcast clouds
672,Areosa,PT,41.7178,-8.8571,58.08,90,87,12.33,overcast clouds
673,Maralal,KE,1.0968,36.698,58.96,74,100,5.66,overcast clouds
674,Mazyr,BY,52.0495,29.2456,23.94,92,100,9.73,overcast clouds
675,Arroyo,ES,41.6096,-4.7969,51.15,89,20,6.91,few clouds
676,Jizan,SA,17.3333,42.6667,78.04,74,3,3.13,clear sky
677,Kashi,CN,39.4547,75.9797,23.2,55,7,1.99,clear sky
678,Bijawar,IN,24.6333,79.5,60.33,39,3,4.07,clear sky
679,Emba,KZ,48.8264,58.1442,16.97,63,0,13.02,clear sky
680,Tirano,IT,46.2154,10.1679,33.48,84,42,3.74,scattered clouds
681,Dogondoutchi,NE,13.6393,4.0287,72.84,11,9,9.01,clear sky
682,Abbeville,FR,50.1,1.8333,30.16,61,100,6.96,overcast clouds
683,Shar,KZ,49.5886,81.0453,13.98,95,100,10.33,light snow
684,Urucui,BR,-7.2294,-44.5561,81.54,59,29,4.03,scattered clouds
685,Skvyra,UA,49.7318,29.6657,27.45,73,87,14.52,overcast clouds
686,Kamra,PK,33.7473,73.5111,44.96,32,80,10.67,broken clouds
687,Villanueva De La Serena,ES,38.9766,-5.7974,58.03,91,92,18.23,overcast clouds
688,Edd,ER,13.9297,41.6925,79.79,54,1,16.98,clear sky
689,Voiron,FR,45.3639,5.5921,39.2,92,100,3.0,overcast clouds
690,Puerto Gaitan,CO,4.3133,-72.0816,83.62,62,98,7.18,overcast clouds
691,Houma,US,29.5958,-90.7195,77.0,88,40,17.27,scattered clouds
692,Toktogul,KG,41.8708,72.9402,21.78,57,2,2.48,clear sky
693,Krasnozerskoye,RU,53.9828,79.2374,-20.51,99,7,4.52,clear sky
694,Abnub,EG,27.2696,31.1511,62.92,58,52,5.08,broken clouds
695,Arys,KZ,42.4252,68.795,29.86,58,38,6.24,scattered clouds
696,Igdir,TR,39.9237,44.045,37.33,93,75,3.44,mist
697,Capao Da Canoa,BR,-29.7456,-50.0097,70.11,60,0,11.52,clear sky
698,Letnik,RU,46.011,41.2657,42.3,88,100,7.38,light rain
699,Bull Savanna,JM,17.8868,-77.5902,77.0,71,26,11.54,scattered clouds
700,Kralendijk,BQ,12.15,-68.2667,80.58,74,0,12.66,clear sky
701,Pascagoula,US,30.3658,-88.5561,72.41,88,100,11.5,overcast clouds
702,Muisne,EC,0.6,-80.0333,76.23,78,69,9.66,broken clouds
703,Micheweni,TZ,-4.9667,39.8333,79.61,80,82,8.21,broken clouds
704,Spanish Town,JM,17.9911,-76.9574,78.71,87,51,3.89,broken clouds
705,Reading,GB,51.4562,-0.9711,32.56,75,100,6.91,mist
706,Ugoofaaru,MV,5.6667,73.0,80.06,78,47,5.66,scattered clouds
707,Borovoy,RU,55.4333,86.0833,-8.32,84,75,8.95,broken clouds
708,Bahia Blanca,AR,-38.7196,-62.2724,91.29,10,0,1.99,clear sky
709,Stephenville,US,32.2207,-98.2023,68.13,31,75,11.5,broken clouds
710,Panjab,AF,34.388,67.0233,12.24,61,91,3.71,overcast clouds
711,Undory,RU,54.6085,48.3928,15.04,75,40,15.19,scattered clouds
712,Charlestown,AU,-32.95,151.6667,73.02,40,1,3.0,clear sky
713,Marystown,CA,47.1666,-55.1483,40.6,91,100,38.86,moderate rain
714,Santiago De Compostela,ES,42.8805,-8.5457,58.03,90,75,11.5,broken clouds
715,Muscle Shoals,US,34.7448,-87.6675,57.65,86,100,11.5,overcast clouds
716,Melnikovo,RU,56.5558,84.085,-14.13,98,86,5.06,overcast clouds
717,Lumeje,AO,-11.55,20.7833,63.25,96,71,5.32,broken clouds
718,Libreville,GA,0.3925,9.4537,79.23,79,100,0.47,light rain
719,Bako,ET,5.7833,36.5667,67.12,58,42,3.49,light rain
720,Yafran,LY,32.0633,12.5286,63.0,50,75,10.18,broken clouds
721,Itupiranga,BR,-5.1347,-49.3267,82.72,68,94,2.19,overcast clouds
722,Daugai,LT,54.3667,24.3333,21.69,93,100,6.98,overcast clouds
723,Akureyri,IS,65.6835,-18.0878,5.49,86,42,5.21,scattered clouds
724,Bisho,ZA,-32.8472,27.4422,67.98,89,45,4.7,scattered clouds
725,Bedford,GB,52.1346,-0.4663,30.9,91,100,7.02,overcast clouds
726,Cumbitara,CO,1.6517,-77.5823,61.25,91,97,3.98,light rain
727,Manica,FR,49.0,-1.1667,31.46,60,88,3.02,snow
